{
    "attrs": [
        "listPreferredItemHeight$dimension",
        "alertDialogCenterButtons$boolean",
        "alertDialogTitleDividerColor$reference|color",
        "buttonBarStyle$reference",
        "buttonBarButtonStyle$reference",
        "borderlessButtonStyle$reference",
        "segmentedButtonStyle$reference",
        "listPreferredItemHeightLarge$dimension",
        "dividerHorizontal$reference",
        "listDividerAlertDialog$reference",
        "alertDialogStyle$reference",
        "alertDialogTheme$reference",
        "dialogTheme$reference",
        "textColorAlertDialogListItem$reference",
        "spinnerStyle$reference",
        "numberPickerStyle$reference",
        "numberPickerUpButtonStyle$reference",
        "numberPickerDownButtonStyle$reference",
        "numberPickerInputTextStyle$reference",
        "datePickerStyle$reference",
        "timePickerStyle$reference",
        "autoCompleteTextViewStyle$reference",
        "panelMenuListWidth$dimension",
        "textAppearanceListItem$reference",
        "detailsElementBackground$reference",
        "holoTheme/invalid 0/dark 1/light 2/mixed 3/preference 4",
        "preferenceTheme$reference/dark 1/light 2/mixed 3",
        "switchStyle$reference",
        "switchStyleOld$reference",
        "calendarViewStyle$reference",
        "popupWindowStyle$reference",
        {
            "enum": [
                "top 0x30",
                "bottom 0x50",
                "left 0x03",
                "right 0x05",
                "center_vertical 0x10",
                "fill_vertical 0x70",
                "center_horizontal 0x01",
                "fill_horizontal 0x07",
                "center 0x11",
                "fill 0x77",
                "clip_vertical 0x80",
                "clip_horizontal 0x08",
                "clip 0x88",
                "start 0x00800003",
                "end 0x00800005"
            ],
            "name": "gravity",
            "type": "flag"
        }
    ],
    "output": "values/attrs.xml",
    "styleable": {
        "AbsSpinner": "android:entries",
        "AlertDialog": [
            "fullDark$reference|color",
            "topDark$reference|color",
            "centerDark$reference|color",
            "bottomDark$reference|color",
            "fullBright$reference|color",
            "topBright$reference|color",
            "centerBright$reference|color",
            "bottomBright$reference|color",
            "bottomMedium$reference|color",
            "centerMedium$reference|color",
            "layout$reference",
            "listLayout$reference",
            "multiChoiceItemLayout$reference",
            "singleChoiceItemLayout$reference",
            "listItemLayout$reference",
            "progressLayout$reference",
            "horizontalProgressLayout$reference",
            "gravity"
        ],
        "AutoCompleteTextView": [
            "android:completionHint",
            "android:completionHintView",
            "android:completionThreshold",
            "android:dropDownSelector",
            "dropDownVerticalOffset",
            "dropDownHorizontalOffset",
            "android:dropDownAnchor",
            "android:dropDownWidth",
            "android:dropDownHeight",
            "android:inputType",
            "android:entries"
        ],
        "CalendarView": [
            "firstDayOfWeek$integer",
            "showWeekNumber$boolean",
            "minDate$reference|string",
            "maxDate$reference|string",
            "shownWeekCount$integer",
            "selectedWeekBackgroundColor$color|reference",
            "focusedMonthDateColor$color|reference",
            "unfocusedMonthDateColor$color|reference",
            "weekNumberColor$color|reference",
            "weekSeparatorLineColor$color|reference",
            "selectedDateVerticalBar$reference",
            "weekDayTextAppearance$reference",
            "dateTextAppearance$reference"
        ],
        "ColorDrawable": "android:color",
        "DatePicker": [
            "startYear$integer",
            "endYear$integer",
            "spinnersShown$boolean",
            "calendarViewShown$boolean",
            "minDate",
            "maxDate",
            "forceShownState$boolean",
            "layout"
        ],
        "Divider": "android:orientation",
        "ExpandableListView": [
            "android:groupIndicator",
            "android:childIndicator",
            "android:indicatorLeft",
            "android:indicatorRight",
            "android:childIndicatorLeft",
            "android:childIndicatorRight",
            "android:childDivider"
        ],
        "FastScroll": [
            "fastScrollThumbDrawable$reference",
            "fastScrollPreviewBackgroundRight$reference",
            "fastScrollPreviewBackgroundLeft$reference",
            "fastScrollTrackDrawable$reference",
            "fastScrollOverlayPosition/floating 0/atThumb 1",
            "fastScrollTextColor$color"
        ],
        "IconMenuView": [
            "android:rowHeight",
            "android:maxRows",
            "android:maxItemsPerRow",
            "android:maxItems",
            "android:moreIcon"
        ],
        "LayerDrawable": "android:opacity",
        "LayerDrawableItem": "android:left/android:top/android:right/android:bottom/android:drawable/android:id",
        "LinearLayout": [
            "android:orientation",
            "android:gravity",
            "android:baselineAligned",
            "android:baselineAlignedChildIndex",
            "android:weightSum",
            "android:measureWithLargestChild",
            "android:divider",
            "android:showDividers",
            "android:dividerPadding"
        ],
        "MenuView": [
            "dialogItemTextAppearance$reference",
            "android:horizontalDivider",
            "android:verticalDivider",
            "android:headerBackground",
            "dialogItemBackground$reference|color",
            "android:windowAnimationStyle",
            "android:itemIconDisabledAlpha",
            "android:preserveIconSpacing"
        ],
        "NumberPicker": [
            "solidColor$color|reference",
            "flingable$boolean",
            "virtualButtonPressedDrawable$reference",
            "selectionDivider$reference",
            "selectionDividerHeight$dimension",
            "selectionDividersDistance$dimension",
            "android:minHeight",
            "android:maxHeight",
            "android:minWidth",
            "android:maxWidth",
            "android:orientation",
            "android:fadingEdgeLength",
            "android:layout"
        ],
        "PopupWindow": "android:popupBackground/android:popupAnimationStyle",
        "ProgressBar": [
            "android:max",
            "android:progress",
            "android:secondaryProgress",
            "android:indeterminate",
            "android:indeterminateOnly",
            "android:indeterminateDrawable",
            "android:progressDrawable",
            "android:indeterminateDuration",
            "android:indeterminateBehavior",
            "android:minWidth",
            "android:maxWidth",
            "android:minHeight",
            "android:maxHeight",
            "android:interpolator"
        ],
        "RotateDrawable": "android:visible/android:fromDegrees/android:toDegrees/android:pivotX/android:pivotY/android:drawable",
        "SeekBar": "android:thumb/android:thumbOffset/android:disabledAlpha",
        "Spinner": [
            "android:prompt",
            "spinnerMode/dialog 0/dropdown 1",
            "android:dropDownSelector",
            "android:popupBackground",
            "dropDownVerticalOffset$dimension",
            "dropDownHorizontalOffset$dimension",
            "android:dropDownWidth",
            "popupPromptView$reference",
            "android:gravity",
            "disableChildrenWhenDisabled$boolean"
        ],
        "StateListDrawable": [
            "android:visible",
            "android:variablePadding/",
            "android:constantSize",
            "android:dither",
            "android:enterFadeDuration",
            "android:exitFadeDuration"
        ],
        "Switch": [
            "track$reference",
            "thumbTextPadding$dimension",
            "switchTextAppearance$reference",
            "switchMinWidth$dimension",
            "switchPadding$dimension",
            "textOn$reference|string",
            "textOff$reference|string",
            "thumb$reference",
            "toggleWhenClick$boolean"
        ],
        "TextAppearance": [
            "android:typeface",
            "android:textSize",
            "android:textColorHighlight",
            "android:textColorHint",
            "android:textColorLink",
            "android:textStyle",
            "android:textColor",
            "android:textAllCaps"
        ],
        "TextView": "textAllCaps$boolean/android:textAllCaps/android:text",
        "TimePicker": "layout",
        "WindowSizes": [
            "windowMinWidthMajor",
            "windowMinWidthMinor",
            "windowMinHeightMajor$dimension|fraction",
            "windowMinHeightMinor$dimension|fraction",
            "windowFixedWidthMajor$dimension|fraction",
            "windowFixedWidthMinor$dimension|fraction",
            "windowFixedHeightMajor$dimension|fraction",
            "windowFixedHeightMinor$dimension|fraction"
        ]
    }
}
